{"cameraMode":{"drawMode":0,"name":"Shaded","section":"Shading Mode"},"sceneLighting":true,"audioPlay":false,"sceneViewState":{"showFog":true,"showMaterialUpdate":false,"showSkybox":true,"showFlares":true,"showImageEffects":true,"showParticleSystems":true},"in2DMode":false,"pivot":{"x":-34.914695739746097,"y":-1.2289968729019166,"z":-67.93585968017578},"rotation":{"x":0.011262331157922745,"y":-0.9753515124320984,"z":0.051253680139780048,"w":0.2143261581659317},"size":132.34695434570313,"orthographic":false}