{"cameraMode":{"drawMode":0,"name":"Shaded","section":"Shading Mode"},"sceneLighting":true,"audioPlay":false,"sceneViewState":{"showFog":true,"showMaterialUpdate":false,"showSkybox":true,"showFlares":true,"showImageEffects":true,"showParticleSystems":true},"in2DMode":false,"pivot":{"x":-9.89944076538086,"y":7.168505668640137,"z":4.818023681640625},"rotation":{"x":0.027255816385149957,"y":0.7784690856933594,"z":0.03388483077287674,"w":-0.6261747479438782},"size":46.06018829345703,"orthographic":false}