{"cameraMode":{"drawMode":0,"name":"Shaded","section":"Shading Mode"},"sceneLighting":true,"audioPlay":false,"sceneViewState":{"showFog":true,"showMaterialUpdate":false,"showSkybox":true,"showFlares":true,"showImageEffects":true,"showParticleSystems":true},"in2DMode":false,"pivot":{"x":2.4309496879577638,"y":1.428508996963501,"z":23.786422729492189},"rotation":{"x":0.0019526961259543896,"y":0.9955625534057617,"z":-0.09165998548269272,"w":0.021209653466939927},"size":11.84496021270752,"orthographic":false}